n_unique_a,n_unique_b,actual,estimate,relative_error
4,1921,1228,1370.0,0.11563517915309446
99995,101,282534,75496.0,0.732789681949783
189909,6390,9976,9805.0,0.017141138732959103
10001,1921,90239,86375.0,0.04281962344440874
